Id,Prediction
17000,0
17001,0
17002,1
17003,0
17004,1
17005,1
17006,0
17007,0
17008,0
17009,0
17010,1
17011,1
17012,1
17013,1
17014,0
17015,1
17016,1
17017,0
17018,1
17019,1
17020,1
17021,1
17022,0
17023,0
17024,1
17025,1
17026,0
17027,1
17028,0
17029,1
17030,1
17031,1
17032,0
17033,1
17034,0
17035,0
17036,0
17037,0
17038,1
17039,1
17040,1
17041,1
17042,0
17043,1
17044,0
17045,1
17046,0
17047,1
17048,1
17049,1
17050,0
17051,1
17052,1
17053,0
17054,0
17055,0
17056,1
17057,0
17058,1
17059,1
17060,0
17061,0
17062,0
17063,1
17064,1
17065,0
17066,0
17067,0
17068,1
17069,1
17070,1
17071,0
17072,0
17073,1
17074,1
17075,1
17076,0
17077,1
17078,1
17079,0
17080,0
17081,0
17082,0
17083,1
17084,1
17085,1
17086,0
17087,1
17088,0
17089,1
17090,0
17091,0
17092,0
17093,1
17094,1
17095,1
17096,1
17097,0
17098,0
17099,0
17100,0
17101,0
17102,1
17103,1
17104,1
17105,0
17106,0
17107,1
17108,0
17109,1
17110,1
17111,0
17112,1
17113,0
17114,0
17115,0
17116,0
17117,0
17118,1
17119,0
17120,0
17121,1
17122,1
17123,0
17124,0
17125,1
17126,0
17127,0
17128,1
17129,1
17130,0
17131,0
17132,1
17133,1
17134,0
17135,1
17136,1
17137,0
17138,0
17139,0
17140,0
17141,0
17142,0
17143,1
17144,0
17145,0
17146,1
17147,1
17148,0
17149,0
17150,0
17151,0
17152,0
17153,0
17154,0
17155,1
17156,0
17157,1
17158,1
17159,1
17160,1
17161,1
17162,0
17163,1
17164,0
17165,1
17166,0
17167,0
17168,0
17169,1
17170,1
17171,0
17172,1
17173,1
17174,1
17175,1
17176,1
17177,1
17178,0
17179,0
17180,0
17181,0
17182,1
17183,1
17184,1
17185,1
17186,1
17187,1
17188,0
17189,1
17190,1
17191,0
17192,0
17193,0
17194,0
17195,1
17196,1
17197,1
17198,1
17199,1
17200,1
17201,1
17202,1
17203,1
17204,0
17205,1
17206,0
17207,0
17208,1
17209,0
17210,0
17211,0
17212,0
17213,1
17214,1
17215,1
17216,1
17217,1
17218,0
17219,1
17220,0
17221,1
17222,1
17223,0
17224,0
17225,0
17226,1
17227,0
17228,0
17229,1
17230,1
17231,1
17232,1
17233,1
17234,1
17235,1
17236,0
17237,1
17238,0
17239,1
17240,0
17241,1
17242,1
17243,1
17244,1
17245,0
17246,1
17247,1
17248,1
17249,1
17250,1
17251,1
17252,0
17253,0
17254,0
17255,0
17256,1
17257,0
17258,0
17259,1
17260,1
17261,1
17262,1
17263,1
17264,1
17265,0
17266,1
17267,1
17268,0
17269,1
17270,1
17271,1
17272,0
17273,0
17274,1
17275,1
17276,0
17277,1
17278,1
17279,0
17280,0
17281,0
17282,0
17283,0
17284,0
17285,1
17286,1
17287,0
17288,1
17289,0
17290,1
17291,0
17292,0
17293,1
17294,0
17295,0
17296,1
17297,1
17298,0
17299,1
17300,1
17301,1
17302,1
17303,1
17304,0
17305,0
17306,1
17307,0
17308,0
17309,0
17310,0
17311,1
17312,0
17313,1
17314,0
17315,1
17316,0
17317,0
17318,0
17319,0
17320,0
17321,1
17322,1
17323,1
17324,1
17325,0
17326,1
17327,0
17328,0
17329,1
17330,0
17331,0
17332,1
17333,0
17334,1
17335,1
17336,0
17337,1
17338,0
17339,0
17340,1
17341,0
17342,0
17343,1
17344,0
17345,0
17346,1
17347,0
17348,1
17349,0
17350,0
17351,0
17352,1
17353,1
17354,0
17355,0
17356,1
17357,1
17358,1
17359,1
17360,0
17361,0
17362,0
17363,1
17364,0
17365,1
17366,1
17367,1
17368,1
17369,0
17370,0
17371,0
17372,1
17373,0
17374,0
17375,1
17376,0
17377,1
17378,1
17379,1
17380,1
17381,1
17382,0
17383,1
17384,1
17385,1
17386,1
17387,1
17388,0
17389,1
17390,0
17391,1
17392,1
17393,0
17394,0
17395,0
17396,1
17397,0
17398,1
17399,1
17400,0
17401,1
17402,0
17403,1
17404,0
17405,1
17406,1
17407,1
17408,0
17409,1
17410,1
17411,1
17412,0
17413,0
17414,0
17415,1
17416,1
17417,1
17418,1
17419,0
17420,0
17421,1
17422,0
17423,0
17424,1
17425,0
17426,1
17427,1
17428,1
17429,0
17430,1
17431,0
17432,0
17433,1
17434,0
17435,0
17436,1
17437,0
17438,0
17439,0
17440,1
17441,1
17442,0
17443,1
17444,1
17445,1
17446,1
17447,1
17448,1
17449,1
17450,1
17451,1
17452,1
17453,0
17454,0
17455,0
17456,0
17457,1
17458,1
17459,0
17460,1
17461,1
17462,0
17463,1
17464,0
17465,0
17466,0
17467,0
17468,0
17469,1
17470,0
17471,1
17472,0
17473,0
17474,0
17475,1
17476,0
17477,1
17478,0
17479,1
17480,1
17481,1
17482,1
17483,1
17484,1
17485,1
17486,1
17487,1
17488,1
17489,1
17490,1
17491,0
17492,0
17493,1
17494,0
17495,1
17496,0
17497,0
17498,1
17499,0
17500,0
17501,0
17502,1
17503,1
17504,0
17505,0
17506,0
17507,0
17508,1
17509,0
17510,0
17511,1
17512,1
17513,0
17514,0
17515,0
17516,0
17517,0
17518,0
17519,1
17520,0
17521,1
17522,0
17523,0
17524,0
17525,0
17526,0
17527,0
17528,0
17529,0
17530,0
17531,0
17532,0
17533,0
17534,0
17535,0
17536,0
17537,1
17538,1
17539,1
17540,0
17541,0
17542,0
17543,1
17544,0
17545,0
17546,1
17547,1
17548,1
17549,1
17550,1
17551,0
17552,1
17553,0
17554,0
17555,0
17556,1
17557,1
17558,0
17559,0
17560,0
17561,1
17562,1
17563,1
17564,1
17565,0
17566,0
17567,0
17568,1
17569,0
17570,1
17571,1
17572,1
17573,0
17574,1
17575,1
17576,0
17577,1
17578,0
17579,0
17580,0
17581,1
17582,1
17583,1
17584,0
17585,1
17586,0
17587,1
17588,1
17589,1
17590,1
17591,1
17592,1
17593,1
18000,0
18001,1
18002,0
18003,1
18004,0
18005,1
18006,0
18007,1
18008,1
18009,1
18010,1
18011,0
18012,1
18013,0
18014,0
18015,0
18016,0
18017,1
18018,1
18019,0
18020,1
18021,1
18022,0
18023,0
18024,0
18025,0
18026,1
18027,1
18028,1
18029,1
18030,0
18031,0
18032,1
18033,0
18034,0
18035,1
18036,0
18037,0
18038,1
18039,0
18040,0
18041,0
18042,0
18043,0
18044,0
18045,0
18046,0
18047,0
18048,0
18049,0
18050,1
18051,1
18052,1
18053,0
18054,1
18055,0
18056,1
18057,0
18058,1
18059,1
18060,0
18061,0
18062,1
18063,0
18064,1
18065,0
18066,0
18067,0
18068,0
18069,1
18070,0
18071,0
18072,1
18073,0
18074,0
18075,1
18076,0
18077,1
18078,0
18079,1
18080,1
18081,1
18082,0
18083,0
18084,0
18085,0
18086,0
18087,1
18088,0
18089,0
18090,1
18091,0
18092,0
18093,1
18094,1
18095,0
18096,0
18097,0
18098,0
18099,0
18100,1
18101,0
18102,0
18103,1
18104,0
18105,0
18106,0
18107,1
18108,0
18109,1
18110,1
18111,1
18112,1
18113,0
18114,1
18115,1
18116,1
18117,1
18118,0
18119,0
18120,0
18121,0
18122,1
18123,1
18124,0
18125,0
18126,1
18127,0
18128,1
18129,1
18130,0
18131,0
18132,1
18133,0
18134,1
18135,1
18136,1
18137,0
18138,0
18139,0
18140,1
18141,1
18142,1
18143,0
18144,1
18145,0
18146,1
18147,1
18148,1
18149,0
18150,0
18151,0
18152,0
18153,0
18154,0
18155,0
18156,0
18157,1
18158,0
18159,0
18160,0
18161,1
18162,0
18163,1
18164,1
18165,0
18166,0
18167,0
18168,1
18169,1
18170,0
18171,1
18172,1
18173,0
18174,1
18175,1
18176,0
18177,0
18178,0
18179,1
18180,1
18181,0
18182,0
18183,1
18184,0
18185,1
18186,0
18187,1
18188,0
18189,1
18190,1
18191,1
18192,0
18193,0
18194,0
18195,0
18196,0
18197,1
18198,1
18199,0
18200,1
18201,0
18202,0
18203,0
18204,1
18205,0
18206,0
18207,0
18208,0
18209,1
18210,0
18211,0
18212,0
18213,1
18214,1
18215,1
18216,0
18217,1
18218,1
18219,1
18220,1
18221,0
18222,0
18223,0
18224,0
18225,0
18226,0
18227,0
18228,0
18229,0
18230,1
18231,0
18232,0
18233,0
18234,0
18235,0
18236,1
18237,1
18238,1
18239,1
18240,0
18241,1
18242,0
18243,0
18244,1
18245,0
18246,0
18247,1
18248,0
18249,0
18250,1
18251,1
18252,0
18253,1
18254,1
18255,0
18256,0
18257,0
18258,1
18259,1
18260,1
18261,0
18262,1
18263,1
18264,0
18265,1
18266,1
18267,0
18268,1
18269,0
18270,0
18271,1
18272,0
18273,1
18274,1
18275,1
18276,1
18277,0
18278,0
18279,0
18280,0
18281,1
18282,1
18283,1
18284,1
18285,0
18286,0
18287,1
18288,1
18289,0
18290,1
18291,0
18292,1
18293,1
18294,1
18295,0
18296,0
18297,1
18298,0
18299,0
18300,1
18301,0
18302,0
18303,1
18304,0
18305,0
18306,1
18307,1
18308,1
18309,1
18310,1
18311,1
18312,1
18313,0
18314,0
18315,0
18316,1
18317,0
18318,0
18319,1
18320,0
18321,0
18322,0
18323,1
18324,1
18325,1
18326,0
18327,1
18328,0
18329,1
18330,0
18331,0
18332,0
18333,1
18334,1
18335,0
18336,0
18337,1
18338,1
18339,0
18340,1
18341,1
18342,1
18343,1
18344,1
18345,1
18346,1
18347,0
18348,0
18349,0
18350,1
18351,1
18352,1
18353,1
18354,0
18355,1
18356,0
18357,1
18358,0
18359,0
18360,1
18361,1
18362,1
18363,0
18364,0
18365,0
18366,1
18367,0
18368,0
18369,0
18370,0
18371,1
18372,1
18373,1
18374,1
18375,0
18376,0
18377,1
18378,0
18379,1
18380,0
18381,1
18382,1
18383,0
18384,0
18385,0
18386,1
18387,1
18388,1
18389,0
18390,1
18391,0
18392,0
18393,0
18394,1
18395,0
18396,0
18397,1
18398,0
18399,1
18400,0
18401,1
18402,0
18403,0
18404,1
18405,0
18406,1
18407,1
18408,0
18409,0
18410,0
18411,1
18412,0
18413,0
18414,0
18415,0
18416,0
18417,1
18418,0
18419,1
18420,0
18421,0
18422,0
18423,0
18424,0
18425,1
18426,0
18427,0
18428,0
18429,1
18430,1
18431,1
18432,1
18433,1
18434,0
18435,1
18436,1
18437,1
18438,0
18439,0
18440,1
18441,1
18442,1
18443,0
18444,1
18445,0
18446,1
18447,0
18448,0
18449,1
18450,0
18451,1
18452,0
18453,0
18454,0
18455,0
18456,1
18457,1
18458,0
18459,0
18460,0
18461,0
18462,0
18463,0
18464,0
18465,1
18466,0
18467,0
18468,1
18469,0
18470,0
18471,0
18472,1
18473,0
18474,1
18475,0
18476,0
18477,0
18478,0
18479,0
18480,0
18481,1
18482,0
18483,0
18484,0
18485,0
18486,0
18487,0
18488,0
18489,1
18490,0
18491,1
18492,1
18493,1
18494,0
18495,1
18496,1
18497,1
18498,0
18499,0
18500,1
18501,1
18502,0
18503,0
18504,0
18505,1
18506,0
18507,1
18508,0
18509,1
18510,0
18511,1
18512,0
18513,1
18514,0
18515,0
18516,0
18517,1
18518,0
18519,0
18520,1
18521,1
18522,1
18523,1
18524,0
18525,1
18526,0
18527,0
18528,0
18529,1
18530,1
18531,0
18532,0
18533,0
18534,0
18535,1
18536,0
18537,0
18538,1
18539,1
18540,1
18541,0
18542,1
18543,0
18544,1
18545,0
18546,1
18547,0
18548,0
18549,1
18550,0
18551,1
18552,0
18553,1
18554,1
18555,1
18556,0
18557,0
18558,1
18559,0
18560,1
18561,0
18562,0
18563,1
18564,1
18565,0
18566,0
18567,1
18568,1
18569,1
18570,0
18571,0
18572,1
18573,1
18574,0
18575,0
18576,1
18577,1
18578,1
18579,1
18580,0
18581,0
18582,0
18583,0
19000,1
19001,1
19002,0
19003,0
19004,1
19005,1
19006,1
19007,1
19008,1
19009,1
19010,0
19011,0
19012,0
19013,0
19014,1
19015,0
19016,0
19017,0
19018,1
19019,1
19020,0
19021,0
19022,1
19023,1
19024,0
19025,1
19026,1
19027,1
19028,0
19029,0
19030,1
19031,0
19032,1
19033,1
19034,1
19035,0
19036,1
19037,0
19038,1
19039,0
19040,0
19041,0
19042,1
19043,0
19044,0
19045,0
19046,1
19047,1
19048,0
19049,0
19050,0
19051,0
19052,1
19053,0
19054,0
19055,1
19056,0
19057,0
19058,0
19059,1
19060,0
19061,0
19062,0
19063,0
19064,0
19065,0
19066,0
19067,1
19068,1
19069,0
19070,1
19071,1
19072,0
19073,1
19074,0
19075,0
19076,0
19077,0
19078,1
19079,0
19080,1
19081,0
19082,0
19083,0
19084,1
19085,0
19086,0
19087,1
19088,0
19089,0
19090,0
19091,1
19092,0
19093,1
19094,0
19095,0
19096,1
19097,1
19098,0
19099,1
19100,1
19101,0
19102,0
19103,0
19104,0
19105,1
19106,0
19107,0
19108,0
19109,1
19110,0
19111,1
19112,0
19113,0
19114,1
19115,0
19116,1
19117,0
19118,0
19119,1
19120,1
19121,1
19122,0
19123,1
19124,1
19125,0
19126,1
19127,0
19128,0
19129,0
19130,0
19131,0
19132,0
19133,0
19134,0
19135,1
19136,1
19137,1
19138,0
19139,0
19140,0
19141,1
19142,0
19143,1
19144,1
19145,0
19146,1
19147,0
19148,1
19149,1
19150,1
19151,0
19152,1
19153,1
19154,0
19155,1
19156,0
19157,0
19158,1
19159,0
19160,1
19161,0
19162,1
19163,0
19164,1
19165,0
19166,1
19167,0
19168,0
19169,1
19170,0
19171,1
19172,1
19173,1
19174,1
19175,1
19176,1
19177,0
19178,0
19179,0
19180,1
19181,1
19182,0
19183,0
19184,1
19185,1
19186,1
19187,0
19188,1
19189,1
19190,1
19191,0
19192,1
19193,0
19194,1
19195,0
19196,1
19197,1
19198,1
19199,0
19200,1
19201,1
19202,0
19203,0
19204,1
19205,1
19206,0
19207,1
19208,1
19209,0
19210,1
19211,0
19212,1
19213,0
19214,1
19215,1
19216,0
19217,1
19218,0
19219,1
19220,1
19221,1
19222,0
19223,0
19224,0
19225,1
19226,1
19227,1
19228,1
19229,0
19230,1
19231,0
19232,0
19233,0
19234,1
19235,1
19236,1
19237,0
19238,0
19239,1
19240,1
19241,0
19242,0
19243,0
19244,0
19245,0
19246,0
19247,1
19248,1
19249,1
19250,0
19251,0
19252,1
19253,1
19254,0
19255,0
19256,1
19257,1
19258,0
19259,0
19260,0
19261,1
19262,1
19263,1
19264,1
19265,0
19266,1
19267,1
19268,0
19269,0
19270,0
19271,1
19272,1
19273,0
19274,1
19275,0
19276,0
19277,1
19278,0
19279,1
19280,1
19281,1
19282,1
19283,0
19284,1
19285,0
19286,0
19287,1
19288,0
19289,1
19290,1
19291,0
19292,0
19293,1
19294,0
19295,1
19296,0
19297,0
19298,0
19299,0
19300,1
19301,1
19302,0
19303,0
19304,0
19305,0
19306,0
19307,1
19308,1
19309,1
19310,0
19311,0
19312,1
19313,0
19314,1
19315,1
19316,0
19317,0
19318,1
19319,0
19320,0
19321,0
19322,0
19323,0
19324,1
19325,1
19326,0
19327,1
19328,0
19329,0
19330,0
19331,0
19332,0
19333,1
19334,1
19335,1
19336,0
19337,1
19338,1
19339,1
19340,0
19341,1
19342,0
19343,0
19344,0
19345,0
19346,0
19347,0
19348,1
19349,0
19350,0
19351,1
19352,0
19353,1
19354,1
19355,1
19356,1
19357,0
19358,0
19359,0
19360,1
19361,1
19362,1
19363,0
19364,0
19365,0
19366,0
19367,0
19368,0
19369,0
19370,0
19371,0
19372,1
19373,1
19374,1
19375,0
19376,0
19377,1
19378,1
19379,1
19380,1
19381,1
19382,0
19383,1
19384,0
19385,0
19386,0
19387,0
19388,0
19389,0
19390,1
19391,1
19392,1
19393,0
19394,0
19395,1
19396,0
19397,1
19398,0
19399,1
19400,1
19401,1
19402,0
19403,0
19404,1
19405,1
19406,0
19407,1
19408,1
19409,1
19410,1
19411,0
19412,0
19413,1
19414,0
19415,0
19416,0
19417,1
19418,1
19419,1
19420,0
19421,1
19422,1
19423,1
19424,1
19425,1
19426,1
19427,0
19428,1
19429,1
19430,1
19431,1
19432,1
19433,1
19434,1
19435,0
19436,0
19437,1
19438,1
19439,0
19440,1
19441,0
19442,0
19443,0
19444,0
19445,1
19446,0
19447,0
19448,1
19449,1
19450,0
19451,0
19452,1
19453,1
19454,0
19455,1
19456,0
19457,1
19458,0
19459,0
19460,0
19461,1
19462,0
19463,1
19464,1
19465,1
19466,1
19467,0
19468,1
19469,1
19470,1
19471,0
19472,0
19473,1
19474,0
19475,0
19476,1
19477,0
19478,1
19479,1
19480,1
19481,0
19482,0
19483,0
19484,0
19485,0
19486,0
19487,1
19488,1
19489,1
19490,1
19491,0
19492,1
19493,1
19494,1
19495,0
19496,0
19497,0
19498,0
19499,1
19500,1
19501,1
19502,0
19503,1
19504,0
19505,1
19506,1
19507,1
19508,1
19509,1
19510,1
19511,0
19512,0
19513,0
19514,1
19515,1
19516,0
19517,1
19518,1
19519,0
19520,0
19521,0
19522,1
19523,1
19524,0
19525,1
19526,1
19527,0
19528,1
19529,1
19530,1
19531,1
19532,1
19533,0
19534,0
19535,1
19536,0
19537,1
19538,0
19539,0
19540,1
19541,1
19542,0
19543,1
19544,1
19545,1
19546,0
19547,0
19548,1
19549,0
19550,1
19551,0
19552,0
19553,0
19554,0
19555,0
19556,1
19557,1
19558,0
19559,1
19560,1
19561,1
19562,1
19563,0
19564,0
19565,0
19566,0
19567,0
19568,1
19569,0
19570,0
19571,1
19572,1
19573,1
19574,1
19575,0
19576,0
19577,0
19578,1
19579,1
19580,1
19581,1
19582,0
19583,1
19584,1
19585,1
20000,1
20001,1
20002,0
20003,1
20004,1
20005,0
20006,1
20007,0
20008,1
20009,0
20010,0
20011,1
20012,0
20013,1
20014,0
20015,0
20016,1
20017,0
20018,1
20019,0
20020,0
20021,0
20022,0
20023,1
20024,1
20025,1
20026,0
20027,0
20028,1
20029,1
20030,0
20031,0
20032,0
20033,0
20034,1
20035,1
20036,0
20037,1
20038,1
20039,1
20040,1
20041,1
20042,1
20043,1
20044,0
20045,0
20046,1
20047,0
20048,1
20049,1
20050,1
20051,1
20052,1
20053,1
20054,0
20055,0
20056,1
20057,1
20058,1
20059,1
20060,0
20061,1
20062,1
20063,1
20064,1
20065,0
20066,1
20067,1
20068,1
20069,0
20070,0
20071,1
20072,0
20073,0
20074,1
20075,1
20076,0
20077,0
20078,0
20079,0
20080,1
20081,0
20082,0
20083,1
20084,0
20085,0
20086,1
20087,1
20088,1
20089,0
20090,1
20091,1
20092,0
20093,1
20094,0
20095,1
20096,1
20097,1
20098,0
20099,1
20100,1
20101,0
20102,0
20103,1
20104,0
20105,0
20106,0
20107,1
20108,1
20109,1
20110,1
20111,1
20112,1
20113,0
20114,0
20115,1
20116,0
20117,1
20118,1
20119,0
20120,1
20121,0
20122,1
20123,0
20124,1
20125,1
20126,1
20127,1
20128,0
20129,0
20130,1
20131,1
20132,1
20133,0
20134,0
20135,1
20136,0
20137,0
20138,1
20139,0
20140,0
20141,0
20142,0
20143,1
20144,1
20145,0
20146,1
20147,0
20148,1
20149,1
20150,1
20151,1
20152,1
20153,0
20154,1
20155,0
20156,0
20157,1
20158,1
20159,1
20160,1
20161,1
20162,0
20163,0
20164,1
20165,0
20166,0
20167,0
20168,1
20169,1
20170,0
20171,0
20172,1
20173,1
20174,0
20175,1
20176,0
20177,1
20178,1
20179,0
20180,0
20181,0
20182,0
20183,1
20184,1
20185,1
20186,0
20187,1
20188,0
20189,0
20190,0
20191,0
20192,1
20193,1
20194,1
20195,1
20196,1
20197,0
20198,1
20199,1
20200,1
20201,1
20202,0
20203,0
20204,1
20205,1
20206,0
20207,0
20208,0
20209,1
20210,0
20211,0
20212,0
20213,1
20214,1
20215,0
20216,1
20217,0
20218,0
20219,1
20220,0
20221,1
20222,0
20223,1
20224,1
20225,1
20226,1
20227,0
20228,0
20229,0
20230,0
20231,0
20232,0
20233,0
20234,0
20235,1
20236,0
20237,1
20238,0
20239,0
20240,1
20241,0
20242,0
20243,1
20244,1
20245,0
20246,1
20247,1
20248,0
20249,1
20250,0
20251,0
20252,1
20253,1
20254,0
20255,1
20256,1
20257,1
20258,0
20259,1
20260,0
20261,1
20262,0
20263,0
20264,0
20265,1
20266,0
20267,0
20268,0
20269,1
20270,0
20271,1
20272,0
20273,1
20274,1
20275,1
20276,0
20277,1
20278,1
20279,0
20280,1
20281,1
20282,1
20283,1
20284,1
20285,0
20286,0
20287,1
20288,0
20289,1
20290,1
20291,1
20292,0
20293,0
20294,1
20295,0
20296,1
20297,1
20298,0
20299,0
20300,1
20301,0
20302,1
20303,0
20304,1
20305,0
20306,1
20307,0
20308,1
20309,0
20310,0
20311,1
20312,1
20313,1
20314,1
20315,1
20316,0
20317,1
20318,0
20319,0
20320,1
20321,1
20322,1
20323,0
20324,1
20325,1
20326,1
20327,1
20328,1
20329,1
20330,0
20331,0
20332,0
20333,0
20334,1
20335,1
20336,0
20337,1
20338,0
20339,1
20340,1
20341,0
20342,1
20343,1
20344,0
20345,0
20346,1
20347,0
20348,0
20349,0
20350,0
20351,1
20352,0
20353,1
20354,1
20355,1
20356,0
20357,0
20358,0
20359,1
20360,0
20361,1
20362,0
20363,1
20364,0
20365,1
20366,1
20367,0
20368,1
20369,0
20370,1
20371,1
20372,1
20373,1
20374,1
20375,0
20376,0
20377,0
20378,1
20379,1
20380,0
20381,0
20382,0
20383,0
20384,0
20385,1
20386,1
20387,0
20388,0
20389,0
20390,1
20391,0
20392,0
20393,0
20394,0
20395,0
20396,1
20397,1
20398,1
20399,0
20400,0
20401,0
20402,1
20403,0
20404,0
20405,0
20406,1
20407,1
20408,1
20409,0
20410,0
20411,0
20412,1
20413,0
20414,1
20415,0
20416,1
20417,0
20418,1
20419,1
20420,1
20421,1
20422,1
20423,0
20424,1
20425,1
20426,1
20427,0
20428,0
20429,0
20430,0
20431,1
20432,1
20433,0
20434,0
20435,1
20436,1
20437,1
20438,1
20439,0
20440,1
20441,0
20442,0
20443,1
20444,0
20445,1
20446,1
20447,1
20448,0
20449,0
20450,0
20451,0
20452,0
20453,0
20454,0
20455,1
20456,1
20457,1
20458,1
20459,1
20460,0
20461,1
20462,1
20463,0
20464,0
20465,1
20466,0
20467,1
20468,1
20469,0
20470,0
20471,0
20472,0
20473,1
20474,0
20475,1
20476,1
20477,0
20478,1
20479,1
20480,0
20481,0
20482,1
20483,0
20484,0
20485,1
20486,1
20487,0
20488,1
20489,0
20490,0
20491,0
20492,1
20493,1
20494,1
20495,0
20496,1
20497,0
20498,1
20499,1
20500,0
20501,1
20502,1
20503,0
20504,0
20505,1
20506,1
20507,1
20508,0
20509,1
20510,0
20511,0
20512,1
20513,1
20514,1
20515,0
20516,1
20517,1
20518,0
20519,1
20520,1
20521,0
20522,0
20523,1
20524,1
20525,1
20526,1
20527,1
20528,1
20529,1
20530,0
20531,1
20532,1
20533,0
20534,0
20535,0
20536,0
20537,0
20538,1
20539,1
20540,0
20541,1
20542,1
20543,1
20544,1
20545,0
20546,1
20547,0
20548,1
20549,0
20550,0
20551,0
20552,0
20553,1
20554,0
20555,1
20556,1
20557,0
20558,0
20559,1
20560,1
20561,0
20562,1
20563,1
20564,1
20565,0
20566,0
20567,1
20568,0
20569,0
20570,1
20571,1
20572,1
20573,1
20574,1
20575,1
20576,0
20577,0
20578,0
20579,0
20580,0
20581,1
20582,0
20583,0
21000,1
21001,0
21002,0
21003,1
21004,0
21005,1
21006,0
21007,0
21008,1
21009,0
21010,1
21011,1
21012,0
21013,0
21014,1
21015,1
21016,1
21017,1
21018,1
21019,0
21020,1
21021,1
21022,1
21023,0
21024,0
21025,0
21026,1
21027,0
21028,0
21029,1
21030,0
21031,0
21032,0
21033,1
21034,1
21035,0
21036,1
21037,0
21038,1
21039,1
21040,1
21041,1
21042,0
21043,0
21044,1
21045,0
21046,1
21047,1
21048,1
21049,0
21050,0
21051,0
21052,0
21053,1
21054,0
21055,0
21056,0
21057,0
21058,0
21059,0
21060,0
21061,0
21062,1
21063,1
21064,0
21065,1
21066,0
21067,1
21068,0
21069,1
21070,0
21071,1
21072,0
21073,1
21074,0
21075,1
21076,1
21077,0
21078,0
21079,0
21080,0
21081,1
21082,1
21083,0
21084,0
21085,1
21086,0
21087,0
21088,0
21089,1
21090,1
21091,1
21092,0
21093,0
21094,1
21095,1
21096,0
21097,1
21098,1
21099,1
21100,1
21101,0
21102,1
21103,1
21104,1
21105,0
21106,0
21107,0
21108,1
21109,0
21110,1
21111,0
21112,1
21113,0
21114,1
21115,0
21116,0
21117,0
21118,0
21119,1
21120,0
21121,0
21122,1
21123,0
21124,0
21125,1
21126,1
21127,1
21128,0
21129,0
21130,1
21131,1
21132,1
21133,0
21134,0
21135,1
21136,1
21137,0
21138,1
21139,1
21140,0
21141,1
21142,0
21143,0
21144,0
21145,0
21146,0
21147,1
21148,0
21149,0
21150,0
21151,1
21152,1
21153,0
21154,1
21155,0
21156,0
21157,1
21158,0
21159,1
21160,0
21161,0
21162,1
21163,1
21164,0
21165,0
21166,1
21167,1
21168,1
21169,1
21170,1
21171,0
21172,1
21173,0
21174,1
21175,0
21176,0
21177,0
21178,0
21179,0
21180,0
21181,0
21182,1
21183,1
21184,0
21185,1
21186,1
21187,0
21188,0
21189,0
21190,1
21191,1
21192,0
21193,0
21194,1
21195,1
21196,1
21197,1
21198,1
21199,0
21200,0
21201,0
21202,1
21203,0
21204,0
21205,0
21206,1
21207,0
21208,1
21209,0
21210,0
21211,0
21212,0
21213,1
21214,1
21215,0
21216,0
21217,1
21218,0
21219,0
21220,0
21221,0
21222,1
21223,1
21224,1
21225,0
21226,0
21227,1
21228,0
21229,1
21230,0
21231,1
21232,0
21233,0
21234,0
21235,0
21236,0
21237,1
21238,1
21239,0
21240,1
21241,1
21242,0
21243,1
21244,0
21245,0
21246,0
21247,0
21248,1
21249,0
21250,0
21251,1
21252,0
21253,1
21254,1
21255,1
21256,1
21257,0
21258,0
21259,1
21260,0
21261,1
21262,1
21263,0
21264,0
21265,1
21266,1
21267,0
21268,0
21269,1
21270,0
21271,0
21272,0
21273,1
21274,1
21275,0
21276,1
21277,0
21278,1
21279,0
21280,1
21281,0
21282,1
21283,1
21284,0
21285,0
21286,0
21287,0
21288,1
21289,1
21290,1
21291,1
21292,0
21293,1
21294,0
21295,1
21296,1
21297,0
21298,1
21299,1
21300,1
21301,1
21302,1
21303,0
21304,1
21305,0
21306,1
21307,1
21308,1
21309,1
21310,0
21311,1
21312,1
21313,0
21314,1
21315,0
21316,0
21317,1
21318,1
21319,0
21320,1
21321,0
21322,0
21323,0
21324,0
21325,1
21326,0
21327,0
21328,1
21329,0
21330,0
21331,0
21332,1
21333,0
21334,0
21335,1
21336,0
21337,0
21338,1
21339,0
21340,0
21341,1
21342,1
21343,1
21344,0
21345,1
21346,0
21347,1
21348,0
21349,0
21350,1
21351,1
21352,0
21353,0
21354,1
21355,0
21356,0
21357,1
21358,1
21359,1
21360,0
21361,0
21362,0
21363,0
21364,0
21365,0
21366,0
21367,0
21368,1
21369,0
21370,0
21371,1
21372,0
21373,0
21374,1
21375,0
21376,0
21377,1
21378,0
21379,1
21380,1
21381,0
21382,1
21383,0
21384,0
21385,0
21386,0
21387,1
21388,0
21389,0
21390,0
21391,0
21392,0
21393,1
21394,0
21395,1
21396,1
21397,0
21398,0
21399,1
21400,1
21401,1
21402,0
21403,1
21404,0
21405,1
21406,1
21407,0
21408,1
21409,0
21410,0
21411,1
21412,1
21413,0
21414,0
21415,0
21416,1
21417,0
21418,0
21419,0
21420,0
21421,1
21422,0
21423,0
21424,1
21425,0
21426,1
21427,0
21428,1
21429,1
21430,1
21431,1
21432,1
21433,1
21434,1
21435,1
21436,1
21437,1
21438,0
21439,1
21440,1
21441,0
21442,0
21443,1
21444,0
21445,0
21446,1
21447,0
21448,1
21449,1
21450,1
21451,1
21452,1
21453,0
21454,1
21455,1
21456,0
21457,1
21458,1
21459,0
21460,1
21461,0
21462,0
21463,1
21464,1
21465,0
21466,1
21467,1
21468,1
21469,0
21470,1
21471,0
21472,0
21473,0
21474,0
21475,0
21476,1
21477,1
21478,1
21479,1
21480,0
21481,1
21482,0
21483,0
21484,1
21485,1
21486,0
21487,1
21488,1
21489,1
21490,0
21491,0
21492,0
21493,1
21494,0
21495,0
21496,1
21497,1
21498,0
21499,0
21500,0
21501,1
21502,1
21503,1
21504,1
21505,0
21506,1
21507,0
21508,1
21509,1
21510,0
21511,1
21512,1
21513,0
21514,0
21515,1
21516,1
21517,1
21518,1
21519,1
21520,0
21521,1
21522,0
21523,1
21524,1
21525,0
21526,0
21527,0
21528,1
21529,0
21530,0
21531,0
22000,1
22001,0
22002,1
22003,1
22004,0
22005,1
22006,0
22007,1
22008,1
22009,0
22010,0
22011,0
22012,1
22013,1
22014,0
22015,0
22016,1
22017,1
22018,0
22019,1
22020,1
22021,1
22022,0
22023,1
22024,1
22025,0
22026,0
22027,1
22028,1
22029,0
22030,0
22031,0
22032,1
22033,0
22034,0
22035,0
22036,1
22037,0
22038,0
22039,0
22040,1
22041,0
22042,0
22043,0
22044,1
22045,0
22046,0
22047,0
22048,0
22049,1
22050,0
22051,1
22052,0
22053,0
22054,1
22055,0
22056,0
22057,1
22058,1
22059,1
22060,0
22061,0
22062,1
22063,1
22064,1
22065,1
22066,1
22067,1
22068,1
22069,0
22070,1
22071,0
22072,0
22073,1
22074,0
22075,1
22076,0
22077,1
22078,1
22079,1
22080,1
22081,1
22082,1
22083,1
22084,1
22085,0
22086,1
22087,1
22088,1
22089,0
22090,0
22091,0
22092,0
22093,1
22094,1
22095,1
22096,0
22097,0
22098,0
22099,1
22100,0
22101,1
22102,0
22103,1
22104,0
22105,1
22106,0
22107,0
22108,0
22109,0
22110,1
22111,0
22112,1
22113,1
22114,1
22115,1
22116,0
22117,0
22118,0
22119,0
22120,0
22121,1
22122,1
22123,0
22124,0
22125,0
22126,1
22127,0
22128,0
22129,1
22130,0
22131,1
22132,0
22133,0
22134,0
22135,0
22136,0
22137,1
22138,0
22139,0
22140,1
22141,1
22142,1
22143,1
22144,1
22145,1
22146,0
22147,0
22148,0
22149,1
22150,1
22151,0
22152,0
22153,1
22154,0
22155,0
22156,0
22157,0
22158,1
22159,0
22160,0
22161,0
22162,1
22163,0
22164,1
22165,1
22166,0
22167,1
22168,0
22169,1
22170,0
22171,0
22172,1
22173,1
22174,1
22175,1
22176,0
22177,1
22178,1
22179,0
22180,0
22181,1
22182,0
22183,1
22184,1
22185,1
22186,1
22187,1
22188,1
22189,0
22190,1
22191,0
22192,0
22193,1
22194,1
22195,1
22196,1
22197,0
22198,0
22199,0
22200,1
22201,1
22202,0
22203,0
22204,0
22205,0
22206,0
22207,1
22208,1
22209,0
22210,0
22211,0
22212,1
22213,1
22214,0
22215,0
22216,1
22217,0
22218,1
22219,1
22220,1
22221,1
22222,1
22223,0
22224,1
22225,0
22226,0
22227,1
22228,0
22229,1
22230,1
22231,1
22232,0
22233,0
22234,0
22235,1
22236,1
22237,0
22238,0
22239,0
22240,0
22241,1
22242,0
22243,1
22244,1
22245,1
22246,1
22247,0
22248,1
22249,1
22250,0
22251,0
22252,1
22253,1
22254,0
22255,0
22256,0
22257,0
22258,1
22259,1
22260,1
22261,0
22262,1
22263,0
22264,1
22265,1
22266,1
22267,0
22268,0
22269,0
22270,0
22271,1
22272,0
22273,1
22274,1
22275,1
22276,1
22277,1
22278,0
22279,1
22280,1
22281,0
22282,0
22283,0
22284,0
22285,0
22286,0
22287,1
22288,0
22289,1
22290,1
22291,1
22292,1
22293,1
22294,0
22295,0
22296,1
22297,1
22298,1
22299,0
22300,1
22301,1
22302,1
22303,1
22304,1
22305,0
22306,0
22307,1
22308,1
22309,0
22310,0
22311,1
22312,1
22313,0
22314,0
22315,0
22316,0
22317,1
22318,1
22319,1
22320,1
22321,1
22322,0
22323,1
22324,1
22325,1
22326,1
22327,1
22328,0
22329,1
22330,0
22331,0
22332,1
22333,1
22334,0
22335,0
22336,1
22337,1
22338,0
22339,1
22340,1
22341,1
22342,0
22343,1
22344,0
22345,1
22346,0
22347,0
22348,0
22349,1
22350,1
22351,0
22352,1
22353,1
22354,0
22355,0
22356,0
22357,0
22358,1
22359,1
22360,1
22361,1
22362,0
22363,0
22364,1
22365,1
22366,1
22367,0
22368,1
22369,1
22370,0
22371,1
22372,0
22373,0
22374,1
22375,1
22376,0
22377,1
22378,0
22379,0
22380,1
22381,1
22382,1
22383,0
22384,1
22385,0
22386,0
22387,1
22388,0
22389,0
22390,1
22391,0
22392,1
22393,0
22394,1
22395,0
22396,0
22397,0
22398,0
22399,0
22400,1
22401,1
22402,0
22403,1
22404,0
22405,0
22406,0
22407,1
22408,0
22409,0
22410,0
22411,0
22412,1
22413,0
22414,0
22415,0
22416,0
22417,1
22418,0
22419,1
22420,1
22421,0
22422,1
22423,0
22424,1
22425,0
22426,0
22427,0
22428,1
22429,1
22430,0
22431,0
22432,0
22433,1
22434,1
22435,1
22436,0
22437,0
22438,1
22439,1
22440,0
22441,0
22442,1
22443,0
22444,1
22445,1
22446,0
22447,1
22448,1
22449,0
22450,0
22451,1
22452,1
22453,1
22454,0
22455,1
22456,0
22457,1
22458,1
22459,0
22460,1
22461,0
22462,1
22463,1
22464,1
22465,1
22466,0
22467,1
22468,0
22469,0
22470,0
22471,0
22472,0
22473,1
22474,0
22475,0
22476,1
22477,1
22478,1
22479,1
22480,0
22481,1
22482,1
22483,0
22484,1
22485,1
22486,0
22487,0
22488,1
22489,1
22490,1
22491,0
22492,0
22493,1
22494,0
22495,1
22496,0
22497,0
22498,1
22499,0
22500,0
22501,0
22502,1
22503,0
22504,1
22505,1
22506,1
22507,0
22508,0
22509,1
22510,1
22511,0
22512,1
22513,0
22514,0
22515,0
22516,0
22517,0
22518,1
22519,0
22520,0
22521,0
22522,0
22523,0
22524,0
22525,0
22526,1
22527,0
22528,1
22529,1
22530,1
22531,1
22532,0
22533,0
22534,0
22535,1
22536,0
22537,0
22538,1
22539,0
22540,0
22541,1
22542,1
22543,0
22544,1
22545,0
22546,0
22547,1
22548,1
22549,1
22550,0
22551,1
22552,0
22553,1
22554,0
22555,1
22556,1
22557,1
22558,0
22559,0
22560,0
22561,0
22562,0
22563,1
22564,0
22565,0
22566,0
22567,0
22568,1
22569,1
22570,1
22571,1
22572,0
22573,1
22574,0
22575,0
22576,1
22577,0
22578,0
22579,1
22580,1
22581,1
22582,0
22583,1
22584,0
22585,1
22586,1
22587,1
23000,1
23001,1
23002,0
23003,0
23004,1
23005,0
23006,0
23007,0
23008,0
23009,1
23010,1
23011,0
23012,1
23013,1
23014,1
23015,1
23016,1
23017,1
23018,0
23019,0
23020,1
23021,0
23022,0
23023,1
23024,0
23025,0
23026,0
23027,0
23028,0
23029,0
23030,0
23031,0
23032,0
23033,0
23034,1
23035,1
23036,1
23037,0
23038,1
23039,1
23040,1
23041,0
23042,0
23043,0
23044,1
23045,1
23046,1
23047,1
23048,0
23049,0
23050,1
23051,0
23052,1
23053,1
23054,1
23055,1
23056,1
23057,0
23058,1
23059,0
23060,0
23061,0
23062,1
23063,0
23064,0
23065,0
23066,1
23067,0
23068,1
23069,1
23070,0
23071,0
23072,1
23073,1
23074,0
23075,1
23076,0
23077,0
23078,0
23079,0
23080,1
23081,1
23082,1
23083,1
23084,0
23085,0
23086,1
23087,1
23088,0
23089,1
23090,0
23091,1
23092,1
23093,1
23094,0
23095,0
23096,0
23097,0
23098,1
23099,0
23100,1
23101,0
23102,1
23103,0
23104,0
23105,0
23106,0
23107,1
23108,0
23109,0
23110,1
23111,1
23112,1
23113,1
23114,1
23115,0
23116,1
23117,1
23118,0
23119,1
23120,1
23121,0
23122,1
23123,0
23124,1
23125,1
23126,1
23127,1
23128,0
23129,0
23130,1
23131,1
23132,0
23133,1
23134,0
23135,0
23136,0
23137,0
23138,1
23139,0
23140,1
23141,1
23142,1
23143,0
23144,0
23145,0
23146,1
23147,1
23148,0
23149,1
23150,0
23151,0
23152,0
23153,0
23154,0
23155,0
23156,1
23157,0
23158,1
23159,0
23160,0
23161,1
23162,0
23163,0
23164,1
23165,1
23166,1
23167,0
23168,1
23169,1
23170,0
23171,1
23172,1
23173,1
23174,1
23175,1
23176,0
23177,1
23178,1
23179,0
23180,1
23181,1
23182,1
23183,1
23184,0
23185,1
23186,1
23187,0
23188,1
23189,0
23190,0
23191,1
23192,0
23193,1
23194,1
23195,1
23196,0
23197,1
23198,1
23199,0
23200,0
23201,1
23202,1
23203,0
23204,0
23205,1
23206,1
23207,1
23208,1
23209,1
23210,1
23211,0
23212,0
23213,1
23214,0
23215,0
23216,1
23217,1
23218,1
23219,0
23220,1
23221,0
23222,1
23223,0
23224,0
23225,0
23226,1
23227,0
23228,0
23229,0
23230,1
23231,0
23232,1
23233,0
23234,1
23235,1
23236,1
23237,1
23238,0
23239,0
23240,0
23241,0
23242,1
23243,0
23244,1
23245,1
23246,0
23247,1
23248,1
23249,1
23250,1
23251,1
23252,0
23253,1
23254,1
23255,0
23256,1
23257,1
23258,0
23259,0
23260,0
23261,0
23262,1
23263,1
23264,0
23265,0
23266,1
23267,1
23268,1
23269,1
23270,1
23271,1
23272,0
23273,1
23274,1
23275,0
23276,1
23277,0
23278,1
23279,1
23280,0
23281,1
23282,1
23283,0
23284,0
23285,0
23286,0
23287,0
23288,0
23289,1
23290,0
23291,1
23292,0
23293,1
23294,1
23295,1
23296,1
23297,0
23298,1
23299,0
23300,0
23301,1
23302,1
23303,0
23304,1
23305,1
23306,0
23307,1
23308,0
23309,1
23310,1
23311,0
23312,0
23313,0
23314,1
23315,0
23316,0
23317,0
23318,1
23319,0
23320,1
23321,1
23322,0
23323,0
23324,1
23325,1
23326,1
23327,0
23328,1
23329,1
23330,0
23331,0
23332,0
23333,1
23334,1
23335,1
23336,0
23337,0
23338,1
23339,0
23340,0
23341,1
23342,0
23343,1
23344,1
23345,1
23346,0
23347,1
23348,0
23349,0
23350,1
23351,0
23352,1
23353,0
23354,1
23355,0
23356,0
23357,0
23358,1
23359,0
23360,1
23361,1
23362,0
23363,0
23364,1
23365,0
23366,1
23367,0
23368,1
23369,0
23370,0
23371,1
23372,0
23373,0
23374,0
23375,1
23376,0
23377,1
23378,1
23379,1
23380,1
23381,1
23382,0
23383,1
23384,0
23385,0
23386,0
23387,0
23388,1
23389,0
23390,1
23391,1
23392,0
23393,1
23394,0
23395,0
23396,0
23397,1
23398,1
23399,1
23400,1
23401,0
23402,1
23403,0
23404,0
23405,0
23406,1
23407,0
23408,1
23409,1
23410,0
23411,0
23412,1
23413,0
23414,0
23415,1
23416,0
23417,0
23418,1
23419,0
23420,0
23421,0
23422,1
23423,1
23424,0
23425,0
23426,0
23427,1
23428,1
23429,1
23430,0
23431,0
23432,0
23433,0
23434,1
23435,1
23436,1
23437,0
23438,0
23439,1
23440,0
23441,0
23442,1
23443,0
23444,1
23445,0
23446,1
23447,0
23448,1
23449,0
23450,0
23451,0
23452,0
23453,1
23454,0
23455,1
23456,0
23457,0
23458,1
23459,1
23460,1
23461,0
23462,1
23463,0
23464,1
23465,0
23466,1
23467,1
23468,0
23469,1
23470,1
23471,0
23472,0
23473,1
23474,0
23475,0
23476,1
23477,1
23478,1
23479,1
23480,0
23481,1
23482,0
23483,1
23484,0
23485,0
23486,1
23487,0
23488,0
23489,0
23490,1
23491,0
23492,0
23493,1
23494,1
23495,1
23496,1
23497,0
23498,1
23499,0
23500,1
23501,1
23502,1
23503,0
23504,1
23505,1
23506,0
23507,1
23508,1
23509,0
23510,1
23511,0
23512,1
23513,0
23514,1
23515,0
23516,1
23517,0
23518,0
23519,1
23520,0
23521,1
23522,0
23523,1
23524,1
23525,1
23526,0
23527,1
23528,1
23529,0
23530,1
23531,0
23532,1
23533,0
23534,1
23535,0
23536,0
23537,0
23538,0
23539,0
23540,1
23541,1
23542,0
23543,1
23544,0
23545,0
23546,1
23547,1
23548,1
23549,0
23550,1
23551,0
23552,0
23553,0
23554,1
23555,1
23556,1
23557,1
23558,1
23559,0
23560,0
23561,1
23562,1
23563,0
23564,0
23565,0
23566,1
23567,0
23568,0
23569,1
23570,0
23571,1
23572,1
23573,1
23574,1
23575,0
23576,1
23577,0
23578,0
23579,1
23580,1
23581,0
23582,1
23583,1
23584,0
23585,0
23586,0
23587,0
23588,0
23589,0
